{"offset":[201.98375,38.77125,553689.505,1123.125,1259.1074500000004,1.07625e6,25570.5,-26715.125,1.84625,0.98,1.48875,52213.1375,7370.725,7287.9875,37554.425,2015.0,1.5025,14.98],"scale":[113.3099175169461,9.036370589417338,260021.48252733774,608.2682156357431,238.75737815201654,2.252060313817403e6,28262.570138586976,28117.096625321614,1.0180404930831393,0.8126656950523334,1.1186767784612064,25973.37443432192,4827.297559352774,4764.097380896181,18583.403517042392,1.0,0.5223359010175963,8.726671386723856]}